event_id,datetime_jst,country,name,name_en,impact,category,source_url,is_template,last_checked,note
us_cpi_2026-07-14,2026-07-14T21:30:00+09:00,US,消費者物価指数 CPI（前年比）,Consumer Price Index,high,cpi,https://www.bls.gov/schedule/news_release/cpi.htm,True,2026-07-20T22:00:21.584440+09:00,
us_fomc_2026-07-30,2026-07-30T03:00:00+09:00,US,FOMC 政策金利発表・議長会見,FOMC Meeting,high,central_bank,https://www.federalreserve.gov/monetarypolicy/fomccalendars.htm,False,2026-09-27T08:23:23.924944+09:00,
jp_boj_meeting_2026-07-31,2026-07-31T12:00:00+09:00,JP,日銀金融政策決定会合,BOJ Monetary Policy Meeting,high,central_bank,https://www.boj.or.jp/mopo/mpmsche_minu/index.htm,False,2026-09-27T08:23:24.382479+09:00,公表時刻は未確定のため12:00を仮置き。当日Phase Bで確定要
us_nfp_2026-08-07,2026-08-07T21:30:00+09:00,US,非農業部門雇用者数 NFP,Employment Situation,high,employment,https://www.bls.gov/schedule/news_release/empsit.htm,True,2026-07-20T22:00:21.955783+09:00,
us_cpi_2026-08-12,2026-08-12T21:30:00+09:00,US,消費者物価指数 CPI（前年比）,Consumer Price Index,high,cpi,https://www.bls.gov/schedule/news_release/cpi.htm,True,2026-07-20T22:00:21.584497+09:00,
us_ism_mfg_2026-09-01,2026-09-01T23:00:00+09:00,US,ISM製造業景況指数,ISM Manufacturing PMI,mid,sentiment,https://www.ismworld.org/supply-management-news-and-reports/reports/ism-pmi-reports/,True,2026-09-27T08:23:27.680956+09:00,ISMは公式スケジュールAPIがないためルール計算（祝日未考慮）。四半期に一度ismworld.orgで要確認
us_ism_nonmfg_2026-09-03,2026-09-03T23:00:00+09:00,US,ISM非製造業景況指数,ISM Non-Manufacturing PMI,mid,sentiment,https://www.ismworld.org/supply-management-news-and-reports/reports/ism-pmi-reports/,True,2026-09-27T08:23:27.680971+09:00,ISMは公式スケジュールAPIがないためルール計算（祝日未考慮）。四半期に一度ismworld.orgで要確認
us_nfp_2026-09-04,2026-09-04T21:30:00+09:00,US,非農業部門雇用者数 NFP,Employment Situation,high,employment,https://www.bls.gov/schedule/news_release/empsit.htm,True,2026-07-20T22:00:21.955816+09:00,
us_cpi_2026-09-11,2026-09-11T21:30:00+09:00,US,消費者物価指数 CPI（前年比）,Consumer Price Index,high,cpi,https://www.bls.gov/schedule/news_release/cpi.htm,True,2026-07-20T22:00:21.584548+09:00,
us_fomc_2026-09-17,2026-09-17T03:00:00+09:00,US,FOMC 政策金利発表・議長会見,FOMC Meeting,high,central_bank,https://www.federalreserve.gov/monetarypolicy/fomccalendars.htm,False,2026-09-27T08:23:23.924982+09:00,
jp_cpi_2026-09-18,2026-09-18T08:30:00+09:00,JP,全国CPI（コア・前年比）,Japan CPI (National),mid,cpi,https://www.e-stat.go.jp/release-calendar,True,2026-09-27T08:23:27.680244+09:00,
jp_boj_meeting_2026-09-18,2026-09-18T12:00:00+09:00,JP,日銀金融政策決定会合,BOJ Monetary Policy Meeting,high,central_bank,https://www.boj.or.jp/mopo/mpmsche_minu/index.htm,False,2026-09-27T08:23:24.382509+09:00,公表時刻は未確定のため12:00を仮置き。当日Phase Bで確定要
us_gdp_2026-09-30,2026-09-30T21:30:00+09:00,US,GDP速報,Gross Domestic Product,high,gdp,https://apps.bea.gov/API/signup/release_dates.json,True,2026-09-27T08:23:27.828443+09:00,
us_pce_2026-09-30,2026-09-30T21:30:00+09:00,US,PCEデフレーター,Personal Income and Outlays,high,other,https://apps.bea.gov/API/signup/release_dates.json,True,2026-09-27T08:23:27.828481+09:00,
jp_tankan_2026-10-01,2026-10-01T08:50:00+09:00,JP,日銀短観 大企業製造業DI,BOJ Tankan,high,sentiment,https://www.boj.or.jp/statistics/outline/tkohyos.xlsx,True,2026-09-27T08:23:25.139548+09:00,
us_ism_mfg_2026-10-01,2026-10-01T23:00:00+09:00,US,ISM製造業景況指数,ISM Manufacturing PMI,mid,sentiment,https://www.ismworld.org/supply-management-news-and-reports/reports/ism-pmi-reports/,True,2026-09-27T08:23:27.680979+09:00,ISMは公式スケジュールAPIがないためルール計算（祝日未考慮）。四半期に一度ismworld.orgで要確認
us_nfp_2026-10-02,2026-10-02T21:30:00+09:00,US,非農業部門雇用者数 NFP,Employment Situation,high,employment,https://www.bls.gov/schedule/news_release/empsit.htm,True,2026-07-20T22:00:21.955850+09:00,
us_ism_nonmfg_2026-10-05,2026-10-05T23:00:00+09:00,US,ISM非製造業景況指数,ISM Non-Manufacturing PMI,mid,sentiment,https://www.ismworld.org/supply-management-news-and-reports/reports/ism-pmi-reports/,True,2026-09-27T08:23:27.680988+09:00,ISMは公式スケジュールAPIがないためルール計算（祝日未考慮）。四半期に一度ismworld.orgで要確認
us_cpi_2026-10-14,2026-10-14T21:30:00+09:00,US,消費者物価指数 CPI（前年比）,Consumer Price Index,high,cpi,https://www.bls.gov/schedule/news_release/cpi.htm,True,2026-07-20T22:00:21.584603+09:00,
jp_cpi_2026-10-23,2026-10-23T08:30:00+09:00,JP,全国CPI（コア・前年比）,Japan CPI (National),mid,cpi,https://www.e-stat.go.jp/release-calendar,True,2026-09-27T08:23:27.680354+09:00,
us_fomc_2026-10-29,2026-10-29T03:00:00+09:00,US,FOMC 政策金利発表・議長会見,FOMC Meeting,high,central_bank,https://www.federalreserve.gov/monetarypolicy/fomccalendars.htm,False,2026-09-27T08:23:23.925016+09:00,
us_gdp_2026-10-29,2026-10-29T21:30:00+09:00,US,GDP速報,Gross Domestic Product,high,gdp,https://apps.bea.gov/API/signup/release_dates.json,True,2026-09-27T08:23:27.828455+09:00,
us_pce_2026-10-29,2026-10-29T21:30:00+09:00,US,PCEデフレーター,Personal Income and Outlays,high,other,https://apps.bea.gov/API/signup/release_dates.json,True,2026-09-27T08:23:27.828488+09:00,
jp_boj_meeting_2026-10-30,2026-10-30T12:00:00+09:00,JP,日銀金融政策決定会合,BOJ Monetary Policy Meeting,high,central_bank,https://www.boj.or.jp/mopo/mpmsche_minu/index.htm,False,2026-09-27T08:23:24.382534+09:00,公表時刻は未確定のため12:00を仮置き。当日Phase Bで確定要
us_ism_mfg_2026-11-03,2026-11-03T00:00:00+09:00,US,ISM製造業景況指数,ISM Manufacturing PMI,mid,sentiment,https://www.ismworld.org/supply-management-news-and-reports/reports/ism-pmi-reports/,True,2026-09-27T08:23:27.680996+09:00,ISMは公式スケジュールAPIがないためルール計算（祝日未考慮）。四半期に一度ismworld.orgで要確認
us_ism_nonmfg_2026-11-05,2026-11-05T00:00:00+09:00,US,ISM非製造業景況指数,ISM Non-Manufacturing PMI,mid,sentiment,https://www.ismworld.org/supply-management-news-and-reports/reports/ism-pmi-reports/,True,2026-09-27T08:23:27.681005+09:00,ISMは公式スケジュールAPIがないためルール計算（祝日未考慮）。四半期に一度ismworld.orgで要確認
us_nfp_2026-11-06,2026-11-06T22:30:00+09:00,US,非農業部門雇用者数 NFP,Employment Situation,high,employment,https://www.bls.gov/schedule/news_release/empsit.htm,True,2026-07-20T22:00:21.955895+09:00,
us_cpi_2026-11-10,2026-11-10T22:30:00+09:00,US,消費者物価指数 CPI（前年比）,Consumer Price Index,high,cpi,https://www.bls.gov/schedule/news_release/cpi.htm,True,2026-07-20T22:00:21.584658+09:00,
jp_gdp_2026-11-16,2026-11-16T08:50:00+09:00,JP,GDP速報,Japan GDP (QE),high,gdp,https://www.esri.cao.go.jp/jp/sna/kouhyou/kouhyou_top.html,True,2026-09-27T08:23:26.201990+09:00,2026年7-9月期（1次速報）
jp_cpi_2026-11-20,2026-11-20T08:30:00+09:00,JP,全国CPI（コア・前年比）,Japan CPI (National),mid,cpi,https://www.e-stat.go.jp/release-calendar,True,2026-09-27T08:23:27.680459+09:00,
us_gdp_2026-11-25,2026-11-25T22:30:00+09:00,US,GDP速報,Gross Domestic Product,high,gdp,https://apps.bea.gov/API/signup/release_dates.json,True,2026-09-27T08:23:27.828462+09:00,
us_pce_2026-11-25,2026-11-25T22:30:00+09:00,US,PCEデフレーター,Personal Income and Outlays,high,other,https://apps.bea.gov/API/signup/release_dates.json,True,2026-09-27T08:23:27.828497+09:00,
us_ism_mfg_2026-12-02,2026-12-02T00:00:00+09:00,US,ISM製造業景況指数,ISM Manufacturing PMI,mid,sentiment,https://www.ismworld.org/supply-management-news-and-reports/reports/ism-pmi-reports/,True,2026-09-27T08:23:27.681011+09:00,ISMは公式スケジュールAPIがないためルール計算（祝日未考慮）。四半期に一度ismworld.orgで要確認
us_ism_nonmfg_2026-12-04,2026-12-04T00:00:00+09:00,US,ISM非製造業景況指数,ISM Non-Manufacturing PMI,mid,sentiment,https://www.ismworld.org/supply-management-news-and-reports/reports/ism-pmi-reports/,True,2026-09-27T08:23:27.681022+09:00,ISMは公式スケジュールAPIがないためルール計算（祝日未考慮）。四半期に一度ismworld.orgで要確認
us_nfp_2026-12-04,2026-12-04T22:30:00+09:00,US,非農業部門雇用者数 NFP,Employment Situation,high,employment,https://www.bls.gov/schedule/news_release/empsit.htm,True,2026-07-20T22:00:21.955930+09:00,
us_fomc_2026-12-10,2026-12-10T04:00:00+09:00,US,FOMC 政策金利発表・議長会見,FOMC Meeting,high,central_bank,https://www.federalreserve.gov/monetarypolicy/fomccalendars.htm,False,2026-09-27T08:23:23.925049+09:00,
us_cpi_2026-12-10,2026-12-10T22:30:00+09:00,US,消費者物価指数 CPI（前年比）,Consumer Price Index,high,cpi,https://www.bls.gov/schedule/news_release/cpi.htm,True,2026-07-20T22:00:21.584707+09:00,
jp_tankan_2026-12-14,2026-12-14T08:50:00+09:00,JP,日銀短観 大企業製造業DI,BOJ Tankan,high,sentiment,https://www.boj.or.jp/statistics/outline/tkohyos.xlsx,True,2026-09-27T08:23:25.139555+09:00,
jp_cpi_2026-12-18,2026-12-18T08:30:00+09:00,JP,全国CPI（コア・前年比）,Japan CPI (National),mid,cpi,https://www.e-stat.go.jp/release-calendar,True,2026-09-27T08:23:27.680548+09:00,
jp_boj_meeting_2026-12-18,2026-12-18T12:00:00+09:00,JP,日銀金融政策決定会合,BOJ Monetary Policy Meeting,high,central_bank,https://www.boj.or.jp/mopo/mpmsche_minu/index.htm,False,2026-09-27T08:23:24.382559+09:00,公表時刻は未確定のため12:00を仮置き。当日Phase Bで確定要
us_gdp_2026-12-23,2026-12-23T22:30:00+09:00,US,GDP速報,Gross Domestic Product,high,gdp,https://apps.bea.gov/API/signup/release_dates.json,True,2026-09-27T08:23:27.828468+09:00,
us_pce_2026-12-23,2026-12-23T22:30:00+09:00,US,PCEデフレーター,Personal Income and Outlays,high,other,https://apps.bea.gov/API/signup/release_dates.json,True,2026-09-27T08:23:27.828503+09:00,
us_ism_mfg_2027-01-02,2027-01-02T00:00:00+09:00,US,ISM製造業景況指数,ISM Manufacturing PMI,mid,sentiment,https://www.ismworld.org/supply-management-news-and-reports/reports/ism-pmi-reports/,True,2026-09-27T08:23:27.681028+09:00,ISMは公式スケジュールAPIがないためルール計算（祝日未考慮）。四半期に一度ismworld.orgで要確認
us_ism_nonmfg_2027-01-06,2027-01-06T00:00:00+09:00,US,ISM非製造業景況指数,ISM Non-Manufacturing PMI,mid,sentiment,https://www.ismworld.org/supply-management-news-and-reports/reports/ism-pmi-reports/,True,2026-09-27T08:23:27.681036+09:00,ISMは公式スケジュールAPIがないためルール計算（祝日未考慮）。四半期に一度ismworld.orgで要確認
jp_cpi_2027-01-22,2027-01-22T08:30:00+09:00,JP,全国CPI（コア・前年比）,Japan CPI (National),mid,cpi,https://www.e-stat.go.jp/release-calendar,True,2026-09-27T08:23:27.680636+09:00,
jp_boj_meeting_2027-01-22,2027-01-22T12:00:00+09:00,JP,日銀金融政策決定会合,BOJ Monetary Policy Meeting,high,central_bank,https://www.boj.or.jp/mopo/mpmsche_minu/index.htm,False,2026-09-27T08:23:24.382638+09:00,公表時刻は未確定のため12:00を仮置き。当日Phase Bで確定要
us_fomc_2027-01-28,2027-01-28T04:00:00+09:00,US,FOMC 政策金利発表・議長会見,FOMC Meeting,high,central_bank,https://www.federalreserve.gov/monetarypolicy/fomccalendars.htm,False,2026-09-27T08:23:23.926543+09:00,
us_ism_mfg_2027-02-02,2027-02-02T00:00:00+09:00,US,ISM製造業景況指数,ISM Manufacturing PMI,mid,sentiment,https://www.ismworld.org/supply-management-news-and-reports/reports/ism-pmi-reports/,True,2026-09-27T08:23:27.681044+09:00,ISMは公式スケジュールAPIがないためルール計算（祝日未考慮）。四半期に一度ismworld.orgで要確認
us_ism_nonmfg_2027-02-04,2027-02-04T00:00:00+09:00,US,ISM非製造業景況指数,ISM Non-Manufacturing PMI,mid,sentiment,https://www.ismworld.org/supply-management-news-and-reports/reports/ism-pmi-reports/,True,2026-09-27T08:23:27.681051+09:00,ISMは公式スケジュールAPIがないためルール計算（祝日未考慮）。四半期に一度ismworld.orgで要確認
jp_gdp_2027-02-15,2027-02-15T08:50:00+09:00,JP,GDP速報,Japan GDP (QE),high,gdp,https://www.esri.cao.go.jp/jp/sna/kouhyou/kouhyou_top.html,True,2026-09-27T08:23:26.202042+09:00,2026年10-12月期（1次速報）
jp_cpi_2027-02-19,2027-02-19T08:30:00+09:00,JP,全国CPI（コア・前年比）,Japan CPI (National),mid,cpi,https://www.e-stat.go.jp/release-calendar,True,2026-09-27T08:23:27.680725+09:00,
us_fomc_2027-03-18,2027-03-18T03:00:00+09:00,US,FOMC 政策金利発表・議長会見,FOMC Meeting,high,central_bank,https://www.federalreserve.gov/monetarypolicy/fomccalendars.htm,False,2026-09-27T08:23:23.926576+09:00,
jp_boj_meeting_2027-03-18,2027-03-18T12:00:00+09:00,JP,日銀金融政策決定会合,BOJ Monetary Policy Meeting,high,central_bank,https://www.boj.or.jp/mopo/mpmsche_minu/index.htm,False,2026-09-27T08:23:24.382663+09:00,公表時刻は未確定のため12:00を仮置き。当日Phase Bで確定要
jp_cpi_2027-03-19,2027-03-19T08:30:00+09:00,JP,全国CPI（コア・前年比）,Japan CPI (National),mid,cpi,https://www.e-stat.go.jp/release-calendar,True,2026-09-27T08:23:27.680844+09:00,
jp_tankan_2027-04-01,2027-04-01T08:50:00+09:00,JP,日銀短観 大企業製造業DI,BOJ Tankan,high,sentiment,https://www.boj.or.jp/statistics/outline/tkohyos.xlsx,True,2026-09-27T08:23:25.139561+09:00,
jp_boj_meeting_2027-04-28,2027-04-28T12:00:00+09:00,JP,日銀金融政策決定会合,BOJ Monetary Policy Meeting,high,central_bank,https://www.boj.or.jp/mopo/mpmsche_minu/index.htm,False,2026-09-27T08:23:24.382688+09:00,公表時刻は未確定のため12:00を仮置き。当日Phase Bで確定要
us_fomc_2027-04-29,2027-04-29T03:00:00+09:00,US,FOMC 政策金利発表・議長会見,FOMC Meeting,high,central_bank,https://www.federalreserve.gov/monetarypolicy/fomccalendars.htm,False,2026-09-27T08:23:23.926606+09:00,
us_fomc_2027-06-10,2027-06-10T03:00:00+09:00,US,FOMC 政策金利発表・議長会見,FOMC Meeting,high,central_bank,https://www.federalreserve.gov/monetarypolicy/fomccalendars.htm,False,2026-09-27T08:23:23.926641+09:00,
jp_boj_meeting_2027-06-11,2027-06-11T12:00:00+09:00,JP,日銀金融政策決定会合,BOJ Monetary Policy Meeting,high,central_bank,https://www.boj.or.jp/mopo/mpmsche_minu/index.htm,False,2026-09-27T08:23:24.382716+09:00,公表時刻は未確定のため12:00を仮置き。当日Phase Bで確定要
jp_boj_meeting_2027-07-22,2027-07-22T12:00:00+09:00,JP,日銀金融政策決定会合,BOJ Monetary Policy Meeting,high,central_bank,https://www.boj.or.jp/mopo/mpmsche_minu/index.htm,False,2026-09-27T08:23:24.382739+09:00,公表時刻は未確定のため12:00を仮置き。当日Phase Bで確定要
us_fomc_2027-07-29,2027-07-29T03:00:00+09:00,US,FOMC 政策金利発表・議長会見,FOMC Meeting,high,central_bank,https://www.federalreserve.gov/monetarypolicy/fomccalendars.htm,False,2026-09-27T08:23:23.926673+09:00,
us_fomc_2027-09-16,2027-09-16T03:00:00+09:00,US,FOMC 政策金利発表・議長会見,FOMC Meeting,high,central_bank,https://www.federalreserve.gov/monetarypolicy/fomccalendars.htm,False,2026-09-27T08:23:23.926708+09:00,
jp_boj_meeting_2027-09-22,2027-09-22T12:00:00+09:00,JP,日銀金融政策決定会合,BOJ Monetary Policy Meeting,high,central_bank,https://www.boj.or.jp/mopo/mpmsche_minu/index.htm,False,2026-09-27T08:23:24.382762+09:00,公表時刻は未確定のため12:00を仮置き。当日Phase Bで確定要
us_fomc_2027-10-28,2027-10-28T03:00:00+09:00,US,FOMC 政策金利発表・議長会見,FOMC Meeting,high,central_bank,https://www.federalreserve.gov/monetarypolicy/fomccalendars.htm,False,2026-09-27T08:23:23.926740+09:00,
jp_boj_meeting_2027-10-29,2027-10-29T12:00:00+09:00,JP,日銀金融政策決定会合,BOJ Monetary Policy Meeting,high,central_bank,https://www.boj.or.jp/mopo/mpmsche_minu/index.htm,False,2026-09-27T08:23:24.382804+09:00,公表時刻は未確定のため12:00を仮置き。当日Phase Bで確定要
